{"address":{"0":"71 Broadway, New York, NY","1":"67 Wall St, New York, NY","2":"20 West St, New York, NY","3":"55 Wall St APT 812A, New York, NY","4":"3 Hanover Sq APT 21E, New York, NY","5":"1 West St, New York, NY","6":"10 Hanover Sq, New York, NY","7":"25 Broad St, New York, NY","8":"2 Water St, New York, NY","9":"99 John St, New York, NY","10":"10 Hanover Sq APT 5D, New York, NY","11":"2 Gold St, New York, NY","12":"100 John St, New York, NY","13":"20 Exchange Pl, New York, NY","14":"123 Washington St, New York, NY","15":"8 Spruce St, New York, NY","16":"150 Nassau St APT 7C, New York, NY","17":"95 Wall St, New York, NY","18":"90 Washington St, New York, NY","19":"100 Beekman St, New York, NY","20":"15 Park Row, New York, NY","21":"130 Water St, New York, NY","22":"20 Pine St, New York, NY","23":"200 Water St, New York, NY","24":"99 John St, New York, NY","25":"20 West St, New York, NY","26":"71 Broadway, New York, NY","27":"67 Wall St, New York, NY","28":"20 West St, New York, NY","29":"55 Wall St APT 812A, New York, NY","30":"3 Hanover Sq APT 21E, New York, NY","31":"1 West St, New York, NY","32":"10 Hanover Sq, New York, NY","33":"25 Broad St, New York, NY","34":"2 Water St, New York, NY","35":"99 John St, New York, NY","36":"10 Hanover Sq APT 5D, New York, NY","37":"2 Gold St, New York, NY","38":"100 John St, New York, NY","39":"20 Exchange Pl, New York, NY","40":"123 Washington St, New York, NY","41":"8 Spruce St, New York, NY","42":"150 Nassau St APT 7C, New York, NY","43":"95 Wall St, New York, NY","44":"90 Washington St, New York, NY","45":"100 Beekman St, New York, NY","46":"15 Park Row, New York, NY","47":"130 Water St, New York, NY","48":"20 Pine St, New York, NY","49":"200 Water St, New York, NY","50":"99 John St, New York, NY","51":"20 West St, New York, NY","52":"71 Broadway, New York, NY","53":"67 Wall St, New York, NY","54":"20 West St, New York, NY","55":"55 Wall St APT 812A, New York, NY","56":"3 Hanover Sq APT 21E, New York, NY","57":"1 West St, New York, NY","58":"10 Hanover Sq, New York, NY","59":"25 Broad St, New York, NY","60":"2 Water St, New York, NY","61":"99 John St, New York, NY","62":"10 Hanover Sq APT 5D, New York, NY","63":"2 Gold St, New York, NY","64":"100 John St, New York, NY","65":"20 Exchange Pl, New York, NY","66":"123 Washington St, New York, NY","67":"8 Spruce St, New York, NY","68":"150 Nassau St APT 7C, New York, NY","69":"95 Wall St, New York, NY","70":"90 Washington St, New York, NY","71":"100 Beekman St, New York, NY","72":"15 Park Row, New York, NY","73":"130 Water St, New York, NY","74":"20 Pine St, New York, NY","75":"200 Water St, New York, NY","76":"99 John St, New York, NY","77":"20 West St, New York, NY","78":"71 Broadway, New York, NY","79":"67 Wall St, New York, NY","80":"20 West St, New York, NY","81":"55 Wall St APT 812A, New York, NY","82":"3 Hanover Sq APT 21E, New York, NY","83":"1 West St, New York, NY","84":"10 Hanover Sq, New York, NY","85":"25 Broad St, New York, NY","86":"2 Water St, New York, NY","87":"99 John St, New York, NY","88":"10 Hanover Sq APT 5D, New York, NY","89":"2 Gold St, New York, NY","90":"100 John St, New York, NY","91":"20 Exchange Pl, New York, NY","92":"123 Washington St, New York, NY","93":"8 Spruce St, New York, NY","94":"150 Nassau St APT 7C, New York, NY","95":"95 Wall St, New York, NY","96":"90 Washington St, New York, NY","97":"100 Beekman St, New York, NY","98":"15 Park Row, New York, NY","99":"130 Water St, New York, NY","100":"20 Pine St, New York, NY","101":"200 Water St, New York, NY","102":"99 John St, New York, NY","103":"20 West St, New York, NY"},"beds":{"0":"0","1":"0","2":"0","3":"0","4":"0","5":"0","6":"0","7":"1","8":"1","9":"0","10":"2","11":"1","12":"0","13":"0","14":"1","15":"0","16":"1","17":"0","18":"0","19":"1","20":"0","21":"0","22":"0","23":"0","24":"1","25":"0","26":"0","27":"0","28":"0","29":"0","30":"0","31":"0","32":"0","33":"1","34":"1","35":"0","36":"2","37":"1","38":"0","39":"0","40":"1","41":"0","42":"1","43":"0","44":"0","45":"1","46":"0","47":"0","48":"0","49":"0","50":"1","51":"0","52":"0","53":"0","54":"0","55":"0","56":"0","57":"0","58":"0","59":"1","60":"1","61":"0","62":"2","63":"1","64":"0","65":"0","66":"1","67":"0","68":"1","69":"0","70":"0","71":"1","72":"0","73":"0","74":"0","75":"0","76":"1","77":"0","78":"0","79":"0","80":"0","81":"0","82":"0","83":"0","84":"0","85":"1","86":"1","87":"0","88":"2","89":"1","90":"0","91":"0","92":"1","93":"0","94":"1","95":"0","96":"0","97":"1","98":"0","99":"0","100":"0","101":"0","102":"1","103":"0"},"link":{"0":"\/b\/71-broadway-new-york-ny-5Xb9PG\/","1":"\/b\/67-Wall-St-New-York-NY\/40.705546,-74.008397_ll\/","2":"\/b\/20-West-St-New-York-NY\/40.706245,-74.015671_ll\/","3":"\/homedetails\/55-Wall-St-APT-812A-New-York-NY-10005\/2096091450_zpid\/","4":"\/homedetails\/3-Hanover-Sq-APT-21E-New-York-NY-10004\/122077125_zpid\/","5":"\/b\/ocean-new-york-ny-65WXwX\/","6":"\/b\/10-hanover-square-new-york-ny-5hC6r4\/","7":"\/b\/25-broad-street-at-the-exchange-new-york-ny-8djn\/","8":"\/b\/new-york-plaza-new-york-ny-5Z6Kyp\/","9":"\/b\/99-John-St-New-York-NY\/40.708058,-74.006169_ll\/","10":"\/homedetails\/10-Hanover-Sq-APT-5D-New-York-NY-10005\/2123861157_zpid\/","11":"\/b\/2-gold-street-new-york-ny-9BDr\/","12":"\/b\/the-renaissance-new-york-ny-5Xj8Mb\/","13":"\/b\/20-exchange-place-new-york-ny-5XjKnP\/","14":"\/b\/123-Washington-St-New-York-NY\/40.709156,-74.01371_ll\/","15":"\/b\/new-york-by-gehry-new-york-ny-5XSsgZ\/","16":"\/homedetails\/150-Nassau-St-APT-7C-New-York-NY-10038\/61965410_zpid\/","17":"\/b\/95-wall-new-york-ny-5XSsMP\/","18":"\/b\/90w-new-york-ny-5XjKnM\/","19":"\/b\/100-Beekman-St-New-York-NY\/40.708615,-74.003481_ll\/","20":"\/b\/15-park-row-new-york-ny-5XjYmF\/","21":"\/b\/130-Water-St-New-York-NY\/40.705775,-74.007242_ll\/","22":"\/b\/20-Pine-St-New-York-NY\/40.707749,-74.010002_ll\/","23":"\/b\/200-Water-St-New-York-NY\/40.707458,-74.004315_ll\/","24":"\/b\/99-John-St-New-York-NY\/40.708273,-74.006017_ll\/","25":"\/b\/20-West-St-New-York-NY\/40.706184,-74.015609_ll\/","26":"\/b\/71-broadway-new-york-ny-5Xb9PG\/","27":"\/b\/67-Wall-St-New-York-NY\/40.705546,-74.008397_ll\/","28":"\/b\/20-West-St-New-York-NY\/40.706245,-74.015671_ll\/","29":"\/homedetails\/55-Wall-St-APT-812A-New-York-NY-10005\/2096091450_zpid\/","30":"\/homedetails\/3-Hanover-Sq-APT-21E-New-York-NY-10004\/122077125_zpid\/","31":"\/b\/ocean-new-york-ny-65WXwX\/","32":"\/b\/10-hanover-square-new-york-ny-5hC6r4\/","33":"\/b\/25-broad-street-at-the-exchange-new-york-ny-8djn\/","34":"\/b\/new-york-plaza-new-york-ny-5Z6Kyp\/","35":"\/b\/99-John-St-New-York-NY\/40.708058,-74.006169_ll\/","36":"\/homedetails\/10-Hanover-Sq-APT-5D-New-York-NY-10005\/2123861157_zpid\/","37":"\/b\/2-gold-street-new-york-ny-9BDr\/","38":"\/b\/the-renaissance-new-york-ny-5Xj8Mb\/","39":"\/b\/20-exchange-place-new-york-ny-5XjKnP\/","40":"\/b\/123-Washington-St-New-York-NY\/40.709156,-74.01371_ll\/","41":"\/b\/new-york-by-gehry-new-york-ny-5XSsgZ\/","42":"\/homedetails\/150-Nassau-St-APT-7C-New-York-NY-10038\/61965410_zpid\/","43":"\/b\/95-wall-new-york-ny-5XSsMP\/","44":"\/b\/90w-new-york-ny-5XjKnM\/","45":"\/b\/100-Beekman-St-New-York-NY\/40.708615,-74.003481_ll\/","46":"\/b\/15-park-row-new-york-ny-5XjYmF\/","47":"\/b\/130-Water-St-New-York-NY\/40.705775,-74.007242_ll\/","48":"\/b\/20-Pine-St-New-York-NY\/40.707749,-74.010002_ll\/","49":"\/b\/200-Water-St-New-York-NY\/40.707458,-74.004315_ll\/","50":"\/b\/99-John-St-New-York-NY\/40.708273,-74.006017_ll\/","51":"\/b\/20-West-St-New-York-NY\/40.706184,-74.015609_ll\/","52":"\/b\/71-broadway-new-york-ny-5Xb9PG\/","53":"\/b\/67-Wall-St-New-York-NY\/40.705546,-74.008397_ll\/","54":"\/b\/20-West-St-New-York-NY\/40.706245,-74.015671_ll\/","55":"\/homedetails\/55-Wall-St-APT-812A-New-York-NY-10005\/2096091450_zpid\/","56":"\/homedetails\/3-Hanover-Sq-APT-21E-New-York-NY-10004\/122077125_zpid\/","57":"\/b\/ocean-new-york-ny-65WXwX\/","58":"\/b\/10-hanover-square-new-york-ny-5hC6r4\/","59":"\/b\/25-broad-street-at-the-exchange-new-york-ny-8djn\/","60":"\/b\/new-york-plaza-new-york-ny-5Z6Kyp\/","61":"\/b\/99-John-St-New-York-NY\/40.708058,-74.006169_ll\/","62":"\/homedetails\/10-Hanover-Sq-APT-5D-New-York-NY-10005\/2123861157_zpid\/","63":"\/b\/2-gold-street-new-york-ny-9BDr\/","64":"\/b\/the-renaissance-new-york-ny-5Xj8Mb\/","65":"\/b\/20-exchange-place-new-york-ny-5XjKnP\/","66":"\/b\/123-Washington-St-New-York-NY\/40.709156,-74.01371_ll\/","67":"\/b\/new-york-by-gehry-new-york-ny-5XSsgZ\/","68":"\/homedetails\/150-Nassau-St-APT-7C-New-York-NY-10038\/61965410_zpid\/","69":"\/b\/95-wall-new-york-ny-5XSsMP\/","70":"\/b\/90w-new-york-ny-5XjKnM\/","71":"\/b\/100-Beekman-St-New-York-NY\/40.708615,-74.003481_ll\/","72":"\/b\/15-park-row-new-york-ny-5XjYmF\/","73":"\/b\/130-Water-St-New-York-NY\/40.705775,-74.007242_ll\/","74":"\/b\/20-Pine-St-New-York-NY\/40.707749,-74.010002_ll\/","75":"\/b\/200-Water-St-New-York-NY\/40.707458,-74.004315_ll\/","76":"\/b\/99-John-St-New-York-NY\/40.708273,-74.006017_ll\/","77":"\/b\/20-West-St-New-York-NY\/40.706184,-74.015609_ll\/","78":"\/b\/71-broadway-new-york-ny-5Xb9PG\/","79":"\/b\/67-Wall-St-New-York-NY\/40.705546,-74.008397_ll\/","80":"\/b\/20-West-St-New-York-NY\/40.706245,-74.015671_ll\/","81":"\/homedetails\/55-Wall-St-APT-812A-New-York-NY-10005\/2096091450_zpid\/","82":"\/homedetails\/3-Hanover-Sq-APT-21E-New-York-NY-10004\/122077125_zpid\/","83":"\/b\/ocean-new-york-ny-65WXwX\/","84":"\/b\/10-hanover-square-new-york-ny-5hC6r4\/","85":"\/b\/25-broad-street-at-the-exchange-new-york-ny-8djn\/","86":"\/b\/new-york-plaza-new-york-ny-5Z6Kyp\/","87":"\/b\/99-John-St-New-York-NY\/40.708058,-74.006169_ll\/","88":"\/homedetails\/10-Hanover-Sq-APT-5D-New-York-NY-10005\/2123861157_zpid\/","89":"\/b\/2-gold-street-new-york-ny-9BDr\/","90":"\/b\/the-renaissance-new-york-ny-5Xj8Mb\/","91":"\/b\/20-exchange-place-new-york-ny-5XjKnP\/","92":"\/b\/123-Washington-St-New-York-NY\/40.709156,-74.01371_ll\/","93":"\/b\/new-york-by-gehry-new-york-ny-5XSsgZ\/","94":"\/homedetails\/150-Nassau-St-APT-7C-New-York-NY-10038\/61965410_zpid\/","95":"\/b\/95-wall-new-york-ny-5XSsMP\/","96":"\/b\/90w-new-york-ny-5XjKnM\/","97":"\/b\/100-Beekman-St-New-York-NY\/40.708615,-74.003481_ll\/","98":"\/b\/15-park-row-new-york-ny-5XjYmF\/","99":"\/b\/130-Water-St-New-York-NY\/40.705775,-74.007242_ll\/","100":"\/b\/20-Pine-St-New-York-NY\/40.707749,-74.010002_ll\/","101":"\/b\/200-Water-St-New-York-NY\/40.707458,-74.004315_ll\/","102":"\/b\/99-John-St-New-York-NY\/40.708273,-74.006017_ll\/","103":"\/b\/20-West-St-New-York-NY\/40.706184,-74.015609_ll\/"},"listing_no":{"0":0,"1":1,"2":2,"3":3,"4":4,"5":5,"6":6,"7":7,"8":8,"9":9,"10":10,"11":11,"12":12,"13":13,"14":14,"15":15,"16":16,"17":17,"18":18,"19":19,"20":20,"21":21,"22":22,"23":23,"24":24,"25":25,"26":26,"27":27,"28":28,"29":29,"30":30,"31":31,"32":32,"33":33,"34":34,"35":35,"36":36,"37":37,"38":38,"39":39,"40":40,"41":41,"42":42,"43":43,"44":44,"45":45,"46":46,"47":47,"48":48,"49":49,"50":50,"51":51,"52":52,"53":53,"54":54,"55":55,"56":56,"57":57,"58":58,"59":59,"60":60,"61":61,"62":62,"63":63,"64":64,"65":65,"66":66,"67":67,"68":68,"69":69,"70":70,"71":71,"72":72,"73":73,"74":74,"75":75,"76":76,"77":77,"78":78,"79":79,"80":80,"81":81,"82":82,"83":83,"84":84,"85":85,"86":86,"87":87,"88":88,"89":89,"90":90,"91":91,"92":92,"93":93,"94":94,"95":95,"96":96,"97":97,"98":98,"99":99,"100":100,"101":101,"102":102,"103":103},"main_url":{"0":"http:\/\/www.zillow.com\/Financial-District-New-York-NY\/rentals\/","1":"http:\/\/www.zillow.com\/Financial-District-New-York-NY\/rentals\/","2":"http:\/\/www.zillow.com\/Financial-District-New-York-NY\/rentals\/","3":"http:\/\/www.zillow.com\/Financial-District-New-York-NY\/rentals\/","4":"http:\/\/www.zillow.com\/Financial-District-New-York-NY\/rentals\/","5":"http:\/\/www.zillow.com\/Financial-District-New-York-NY\/rentals\/","6":"http:\/\/www.zillow.com\/Financial-District-New-York-NY\/rentals\/","7":"http:\/\/www.zillow.com\/Financial-District-New-York-NY\/rentals\/","8":"http:\/\/www.zillow.com\/Financial-District-New-York-NY\/rentals\/","9":"http:\/\/www.zillow.com\/Financial-District-New-York-NY\/rentals\/","10":"http:\/\/www.zillow.com\/Financial-District-New-York-NY\/rentals\/","11":"http:\/\/www.zillow.com\/Financial-District-New-York-NY\/rentals\/","12":"http:\/\/www.zillow.com\/Financial-District-New-York-NY\/rentals\/","13":"http:\/\/www.zillow.com\/Financial-District-New-York-NY\/rentals\/","14":"http:\/\/www.zillow.com\/Financial-District-New-York-NY\/rentals\/","15":"http:\/\/www.zillow.com\/Financial-District-New-York-NY\/rentals\/","16":"http:\/\/www.zillow.com\/Financial-District-New-York-NY\/rentals\/","17":"http:\/\/www.zillow.com\/Financial-District-New-York-NY\/rentals\/","18":"http:\/\/www.zillow.com\/Financial-District-New-York-NY\/rentals\/","19":"http:\/\/www.zillow.com\/Financial-District-New-York-NY\/rentals\/","20":"http:\/\/www.zillow.com\/Financial-District-New-York-NY\/rentals\/","21":"http:\/\/www.zillow.com\/Financial-District-New-York-NY\/rentals\/","22":"http:\/\/www.zillow.com\/Financial-District-New-York-NY\/rentals\/","23":"http:\/\/www.zillow.com\/Financial-District-New-York-NY\/rentals\/","24":"http:\/\/www.zillow.com\/Financial-District-New-York-NY\/rentals\/","25":"http:\/\/www.zillow.com\/Financial-District-New-York-NY\/rentals\/","26":"http:\/\/www.zillow.com\/Financial-District-New-York-NY\/rentals\/","27":"http:\/\/www.zillow.com\/Financial-District-New-York-NY\/rentals\/","28":"http:\/\/www.zillow.com\/Financial-District-New-York-NY\/rentals\/","29":"http:\/\/www.zillow.com\/Financial-District-New-York-NY\/rentals\/","30":"http:\/\/www.zillow.com\/Financial-District-New-York-NY\/rentals\/","31":"http:\/\/www.zillow.com\/Financial-District-New-York-NY\/rentals\/","32":"http:\/\/www.zillow.com\/Financial-District-New-York-NY\/rentals\/","33":"http:\/\/www.zillow.com\/Financial-District-New-York-NY\/rentals\/","34":"http:\/\/www.zillow.com\/Financial-District-New-York-NY\/rentals\/","35":"http:\/\/www.zillow.com\/Financial-District-New-York-NY\/rentals\/","36":"http:\/\/www.zillow.com\/Financial-District-New-York-NY\/rentals\/","37":"http:\/\/www.zillow.com\/Financial-District-New-York-NY\/rentals\/","38":"http:\/\/www.zillow.com\/Financial-District-New-York-NY\/rentals\/","39":"http:\/\/www.zillow.com\/Financial-District-New-York-NY\/rentals\/","40":"http:\/\/www.zillow.com\/Financial-District-New-York-NY\/rentals\/","41":"http:\/\/www.zillow.com\/Financial-District-New-York-NY\/rentals\/","42":"http:\/\/www.zillow.com\/Financial-District-New-York-NY\/rentals\/","43":"http:\/\/www.zillow.com\/Financial-District-New-York-NY\/rentals\/","44":"http:\/\/www.zillow.com\/Financial-District-New-York-NY\/rentals\/","45":"http:\/\/www.zillow.com\/Financial-District-New-York-NY\/rentals\/","46":"http:\/\/www.zillow.com\/Financial-District-New-York-NY\/rentals\/","47":"http:\/\/www.zillow.com\/Financial-District-New-York-NY\/rentals\/","48":"http:\/\/www.zillow.com\/Financial-District-New-York-NY\/rentals\/","49":"http:\/\/www.zillow.com\/Financial-District-New-York-NY\/rentals\/","50":"http:\/\/www.zillow.com\/Financial-District-New-York-NY\/rentals\/","51":"http:\/\/www.zillow.com\/Financial-District-New-York-NY\/rentals\/","52":"http:\/\/www.zillow.com\/Financial-District-New-York-NY\/rentals\/","53":"http:\/\/www.zillow.com\/Financial-District-New-York-NY\/rentals\/","54":"http:\/\/www.zillow.com\/Financial-District-New-York-NY\/rentals\/","55":"http:\/\/www.zillow.com\/Financial-District-New-York-NY\/rentals\/","56":"http:\/\/www.zillow.com\/Financial-District-New-York-NY\/rentals\/","57":"http:\/\/www.zillow.com\/Financial-District-New-York-NY\/rentals\/","58":"http:\/\/www.zillow.com\/Financial-District-New-York-NY\/rentals\/","59":"http:\/\/www.zillow.com\/Financial-District-New-York-NY\/rentals\/","60":"http:\/\/www.zillow.com\/Financial-District-New-York-NY\/rentals\/","61":"http:\/\/www.zillow.com\/Financial-District-New-York-NY\/rentals\/","62":"http:\/\/www.zillow.com\/Financial-District-New-York-NY\/rentals\/","63":"http:\/\/www.zillow.com\/Financial-District-New-York-NY\/rentals\/","64":"http:\/\/www.zillow.com\/Financial-District-New-York-NY\/rentals\/","65":"http:\/\/www.zillow.com\/Financial-District-New-York-NY\/rentals\/","66":"http:\/\/www.zillow.com\/Financial-District-New-York-NY\/rentals\/","67":"http:\/\/www.zillow.com\/Financial-District-New-York-NY\/rentals\/","68":"http:\/\/www.zillow.com\/Financial-District-New-York-NY\/rentals\/","69":"http:\/\/www.zillow.com\/Financial-District-New-York-NY\/rentals\/","70":"http:\/\/www.zillow.com\/Financial-District-New-York-NY\/rentals\/","71":"http:\/\/www.zillow.com\/Financial-District-New-York-NY\/rentals\/","72":"http:\/\/www.zillow.com\/Financial-District-New-York-NY\/rentals\/","73":"http:\/\/www.zillow.com\/Financial-District-New-York-NY\/rentals\/","74":"http:\/\/www.zillow.com\/Financial-District-New-York-NY\/rentals\/","75":"http:\/\/www.zillow.com\/Financial-District-New-York-NY\/rentals\/","76":"http:\/\/www.zillow.com\/Financial-District-New-York-NY\/rentals\/","77":"http:\/\/www.zillow.com\/Financial-District-New-York-NY\/rentals\/","78":"http:\/\/www.zillow.com\/Financial-District-New-York-NY\/rentals\/","79":"http:\/\/www.zillow.com\/Financial-District-New-York-NY\/rentals\/","80":"http:\/\/www.zillow.com\/Financial-District-New-York-NY\/rentals\/","81":"http:\/\/www.zillow.com\/Financial-District-New-York-NY\/rentals\/","82":"http:\/\/www.zillow.com\/Financial-District-New-York-NY\/rentals\/","83":"http:\/\/www.zillow.com\/Financial-District-New-York-NY\/rentals\/","84":"http:\/\/www.zillow.com\/Financial-District-New-York-NY\/rentals\/","85":"http:\/\/www.zillow.com\/Financial-District-New-York-NY\/rentals\/","86":"http:\/\/www.zillow.com\/Financial-District-New-York-NY\/rentals\/","87":"http:\/\/www.zillow.com\/Financial-District-New-York-NY\/rentals\/","88":"http:\/\/www.zillow.com\/Financial-District-New-York-NY\/rentals\/","89":"http:\/\/www.zillow.com\/Financial-District-New-York-NY\/rentals\/","90":"http:\/\/www.zillow.com\/Financial-District-New-York-NY\/rentals\/","91":"http:\/\/www.zillow.com\/Financial-District-New-York-NY\/rentals\/","92":"http:\/\/www.zillow.com\/Financial-District-New-York-NY\/rentals\/","93":"http:\/\/www.zillow.com\/Financial-District-New-York-NY\/rentals\/","94":"http:\/\/www.zillow.com\/Financial-District-New-York-NY\/rentals\/","95":"http:\/\/www.zillow.com\/Financial-District-New-York-NY\/rentals\/","96":"http:\/\/www.zillow.com\/Financial-District-New-York-NY\/rentals\/","97":"http:\/\/www.zillow.com\/Financial-District-New-York-NY\/rentals\/","98":"http:\/\/www.zillow.com\/Financial-District-New-York-NY\/rentals\/","99":"http:\/\/www.zillow.com\/Financial-District-New-York-NY\/rentals\/","100":"http:\/\/www.zillow.com\/Financial-District-New-York-NY\/rentals\/","101":"http:\/\/www.zillow.com\/Financial-District-New-York-NY\/rentals\/","102":"http:\/\/www.zillow.com\/Financial-District-New-York-NY\/rentals\/","103":"http:\/\/www.zillow.com\/Financial-District-New-York-NY\/rentals\/"},"price":{"0":"\"2745\"","1":"\"2358\"","2":"\"2500\"","3":3995,"4":2600,"5":"\"2600\"","6":"\"2687\"","7":"\"3252\"","8":"\"3595\"","9":"\"2550\"","10":4500,"11":"\"2995\"","12":"\"2895\"","13":"\"2650\"","14":"\"3950\"","15":"\"3275\"","16":3500,"17":"\"2794\"","18":"\"2645\"","19":"\"3000\"","20":"\"2575\"","21":"\"2695\"","22":"\"4000\"","23":"\"2765\"","24":"\"3325\"","25":"\"3400\"","26":"\"2745\"","27":"\"2358\"","28":"\"2500\"","29":3995,"30":2600,"31":"\"2600\"","32":"\"2687\"","33":"\"3252\"","34":"\"3595\"","35":"\"2550\"","36":4500,"37":"\"2995\"","38":"\"2895\"","39":"\"2650\"","40":"\"3950\"","41":"\"3275\"","42":3500,"43":"\"2794\"","44":"\"2645\"","45":"\"3000\"","46":"\"2575\"","47":"\"2695\"","48":"\"4000\"","49":"\"2765\"","50":"\"3325\"","51":"\"3400\"","52":"\"2745\"","53":"\"2358\"","54":"\"2500\"","55":3995,"56":2600,"57":"\"2600\"","58":"\"2687\"","59":"\"3252\"","60":"\"3595\"","61":"\"2550\"","62":4500,"63":"\"2995\"","64":"\"2895\"","65":"\"2650\"","66":"\"3950\"","67":"\"3275\"","68":3500,"69":"\"2794\"","70":"\"2645\"","71":"\"3000\"","72":"\"2575\"","73":"\"2695\"","74":"\"4000\"","75":"\"2765\"","76":"\"3325\"","77":"\"3400\"","78":"\"2745\"","79":"\"2358\"","80":"\"2500\"","81":3995,"82":2600,"83":"\"2600\"","84":"\"2687\"","85":"\"3252\"","86":"\"3595\"","87":"\"2550\"","88":4500,"89":"\"2995\"","90":"\"2895\"","91":"\"2650\"","92":"\"3950\"","93":"\"3275\"","94":3500,"95":"\"2794\"","96":"\"2645\"","97":"\"3000\"","98":"\"2575\"","99":"\"2695\"","100":"\"4000\"","101":"\"2765\"","102":"\"3325\"","103":"\"3400\""},"sqft":{"0":"537","1":"509","2":"351","3":"580","4":"null","5":"null","6":"431","7":"780","8":"null","9":"564","10":"750","11":"615","12":"null","13":"null","14":"606","15":"null","16":"650","17":"425","18":"null","19":"null","20":"420","21":"null","22":"826","23":"587","24":"null","25":"458","26":"537","27":"509","28":"351","29":"580","30":"null","31":"null","32":"431","33":"780","34":"null","35":"564","36":"750","37":"615","38":"null","39":"null","40":"606","41":"null","42":"650","43":"425","44":"null","45":"null","46":"420","47":"null","48":"826","49":"587","50":"null","51":"458","52":"537","53":"509","54":"351","55":"580","56":"null","57":"null","58":"431","59":"780","60":"null","61":"564","62":"750","63":"615","64":"null","65":"null","66":"606","67":"null","68":"650","69":"425","70":"null","71":"null","72":"420","73":"null","74":"826","75":"587","76":"null","77":"458","78":"537","79":"509","80":"351","81":"580","82":"null","83":"null","84":"431","85":"780","86":"null","87":"564","88":"750","89":"615","90":"null","91":"null","92":"606","93":"null","94":"650","95":"425","96":"null","97":"null","98":"420","99":"null","100":"826","101":"587","102":"null","103":"458"},"url":{"0":"http:\/\/www.zillow.com\/Financial-District-New-York-NY\/rentals\/1_p\/","1":"http:\/\/www.zillow.com\/Financial-District-New-York-NY\/rentals\/1_p\/","2":"http:\/\/www.zillow.com\/Financial-District-New-York-NY\/rentals\/1_p\/","3":"http:\/\/www.zillow.com\/Financial-District-New-York-NY\/rentals\/1_p\/","4":"http:\/\/www.zillow.com\/Financial-District-New-York-NY\/rentals\/1_p\/","5":"http:\/\/www.zillow.com\/Financial-District-New-York-NY\/rentals\/1_p\/","6":"http:\/\/www.zillow.com\/Financial-District-New-York-NY\/rentals\/1_p\/","7":"http:\/\/www.zillow.com\/Financial-District-New-York-NY\/rentals\/1_p\/","8":"http:\/\/www.zillow.com\/Financial-District-New-York-NY\/rentals\/1_p\/","9":"http:\/\/www.zillow.com\/Financial-District-New-York-NY\/rentals\/1_p\/","10":"http:\/\/www.zillow.com\/Financial-District-New-York-NY\/rentals\/1_p\/","11":"http:\/\/www.zillow.com\/Financial-District-New-York-NY\/rentals\/1_p\/","12":"http:\/\/www.zillow.com\/Financial-District-New-York-NY\/rentals\/1_p\/","13":"http:\/\/www.zillow.com\/Financial-District-New-York-NY\/rentals\/1_p\/","14":"http:\/\/www.zillow.com\/Financial-District-New-York-NY\/rentals\/1_p\/","15":"http:\/\/www.zillow.com\/Financial-District-New-York-NY\/rentals\/1_p\/","16":"http:\/\/www.zillow.com\/Financial-District-New-York-NY\/rentals\/1_p\/","17":"http:\/\/www.zillow.com\/Financial-District-New-York-NY\/rentals\/1_p\/","18":"http:\/\/www.zillow.com\/Financial-District-New-York-NY\/rentals\/1_p\/","19":"http:\/\/www.zillow.com\/Financial-District-New-York-NY\/rentals\/1_p\/","20":"http:\/\/www.zillow.com\/Financial-District-New-York-NY\/rentals\/1_p\/","21":"http:\/\/www.zillow.com\/Financial-District-New-York-NY\/rentals\/1_p\/","22":"http:\/\/www.zillow.com\/Financial-District-New-York-NY\/rentals\/1_p\/","23":"http:\/\/www.zillow.com\/Financial-District-New-York-NY\/rentals\/1_p\/","24":"http:\/\/www.zillow.com\/Financial-District-New-York-NY\/rentals\/1_p\/","25":"http:\/\/www.zillow.com\/Financial-District-New-York-NY\/rentals\/1_p\/","26":"http:\/\/www.zillow.com\/Financial-District-New-York-NY\/rentals\/2_p\/","27":"http:\/\/www.zillow.com\/Financial-District-New-York-NY\/rentals\/2_p\/","28":"http:\/\/www.zillow.com\/Financial-District-New-York-NY\/rentals\/2_p\/","29":"http:\/\/www.zillow.com\/Financial-District-New-York-NY\/rentals\/2_p\/","30":"http:\/\/www.zillow.com\/Financial-District-New-York-NY\/rentals\/2_p\/","31":"http:\/\/www.zillow.com\/Financial-District-New-York-NY\/rentals\/2_p\/","32":"http:\/\/www.zillow.com\/Financial-District-New-York-NY\/rentals\/2_p\/","33":"http:\/\/www.zillow.com\/Financial-District-New-York-NY\/rentals\/2_p\/","34":"http:\/\/www.zillow.com\/Financial-District-New-York-NY\/rentals\/2_p\/","35":"http:\/\/www.zillow.com\/Financial-District-New-York-NY\/rentals\/2_p\/","36":"http:\/\/www.zillow.com\/Financial-District-New-York-NY\/rentals\/2_p\/","37":"http:\/\/www.zillow.com\/Financial-District-New-York-NY\/rentals\/2_p\/","38":"http:\/\/www.zillow.com\/Financial-District-New-York-NY\/rentals\/2_p\/","39":"http:\/\/www.zillow.com\/Financial-District-New-York-NY\/rentals\/2_p\/","40":"http:\/\/www.zillow.com\/Financial-District-New-York-NY\/rentals\/2_p\/","41":"http:\/\/www.zillow.com\/Financial-District-New-York-NY\/rentals\/2_p\/","42":"http:\/\/www.zillow.com\/Financial-District-New-York-NY\/rentals\/2_p\/","43":"http:\/\/www.zillow.com\/Financial-District-New-York-NY\/rentals\/2_p\/","44":"http:\/\/www.zillow.com\/Financial-District-New-York-NY\/rentals\/2_p\/","45":"http:\/\/www.zillow.com\/Financial-District-New-York-NY\/rentals\/2_p\/","46":"http:\/\/www.zillow.com\/Financial-District-New-York-NY\/rentals\/2_p\/","47":"http:\/\/www.zillow.com\/Financial-District-New-York-NY\/rentals\/2_p\/","48":"http:\/\/www.zillow.com\/Financial-District-New-York-NY\/rentals\/2_p\/","49":"http:\/\/www.zillow.com\/Financial-District-New-York-NY\/rentals\/2_p\/","50":"http:\/\/www.zillow.com\/Financial-District-New-York-NY\/rentals\/2_p\/","51":"http:\/\/www.zillow.com\/Financial-District-New-York-NY\/rentals\/2_p\/","52":"http:\/\/www.zillow.com\/Financial-District-New-York-NY\/rentals\/3_p\/","53":"http:\/\/www.zillow.com\/Financial-District-New-York-NY\/rentals\/3_p\/","54":"http:\/\/www.zillow.com\/Financial-District-New-York-NY\/rentals\/3_p\/","55":"http:\/\/www.zillow.com\/Financial-District-New-York-NY\/rentals\/3_p\/","56":"http:\/\/www.zillow.com\/Financial-District-New-York-NY\/rentals\/3_p\/","57":"http:\/\/www.zillow.com\/Financial-District-New-York-NY\/rentals\/3_p\/","58":"http:\/\/www.zillow.com\/Financial-District-New-York-NY\/rentals\/3_p\/","59":"http:\/\/www.zillow.com\/Financial-District-New-York-NY\/rentals\/3_p\/","60":"http:\/\/www.zillow.com\/Financial-District-New-York-NY\/rentals\/3_p\/","61":"http:\/\/www.zillow.com\/Financial-District-New-York-NY\/rentals\/3_p\/","62":"http:\/\/www.zillow.com\/Financial-District-New-York-NY\/rentals\/3_p\/","63":"http:\/\/www.zillow.com\/Financial-District-New-York-NY\/rentals\/3_p\/","64":"http:\/\/www.zillow.com\/Financial-District-New-York-NY\/rentals\/3_p\/","65":"http:\/\/www.zillow.com\/Financial-District-New-York-NY\/rentals\/3_p\/","66":"http:\/\/www.zillow.com\/Financial-District-New-York-NY\/rentals\/3_p\/","67":"http:\/\/www.zillow.com\/Financial-District-New-York-NY\/rentals\/3_p\/","68":"http:\/\/www.zillow.com\/Financial-District-New-York-NY\/rentals\/3_p\/","69":"http:\/\/www.zillow.com\/Financial-District-New-York-NY\/rentals\/3_p\/","70":"http:\/\/www.zillow.com\/Financial-District-New-York-NY\/rentals\/3_p\/","71":"http:\/\/www.zillow.com\/Financial-District-New-York-NY\/rentals\/3_p\/","72":"http:\/\/www.zillow.com\/Financial-District-New-York-NY\/rentals\/3_p\/","73":"http:\/\/www.zillow.com\/Financial-District-New-York-NY\/rentals\/3_p\/","74":"http:\/\/www.zillow.com\/Financial-District-New-York-NY\/rentals\/3_p\/","75":"http:\/\/www.zillow.com\/Financial-District-New-York-NY\/rentals\/3_p\/","76":"http:\/\/www.zillow.com\/Financial-District-New-York-NY\/rentals\/3_p\/","77":"http:\/\/www.zillow.com\/Financial-District-New-York-NY\/rentals\/3_p\/","78":"http:\/\/www.zillow.com\/Financial-District-New-York-NY\/rentals\/4_p\/","79":"http:\/\/www.zillow.com\/Financial-District-New-York-NY\/rentals\/4_p\/","80":"http:\/\/www.zillow.com\/Financial-District-New-York-NY\/rentals\/4_p\/","81":"http:\/\/www.zillow.com\/Financial-District-New-York-NY\/rentals\/4_p\/","82":"http:\/\/www.zillow.com\/Financial-District-New-York-NY\/rentals\/4_p\/","83":"http:\/\/www.zillow.com\/Financial-District-New-York-NY\/rentals\/4_p\/","84":"http:\/\/www.zillow.com\/Financial-District-New-York-NY\/rentals\/4_p\/","85":"http:\/\/www.zillow.com\/Financial-District-New-York-NY\/rentals\/4_p\/","86":"http:\/\/www.zillow.com\/Financial-District-New-York-NY\/rentals\/4_p\/","87":"http:\/\/www.zillow.com\/Financial-District-New-York-NY\/rentals\/4_p\/","88":"http:\/\/www.zillow.com\/Financial-District-New-York-NY\/rentals\/4_p\/","89":"http:\/\/www.zillow.com\/Financial-District-New-York-NY\/rentals\/4_p\/","90":"http:\/\/www.zillow.com\/Financial-District-New-York-NY\/rentals\/4_p\/","91":"http:\/\/www.zillow.com\/Financial-District-New-York-NY\/rentals\/4_p\/","92":"http:\/\/www.zillow.com\/Financial-District-New-York-NY\/rentals\/4_p\/","93":"http:\/\/www.zillow.com\/Financial-District-New-York-NY\/rentals\/4_p\/","94":"http:\/\/www.zillow.com\/Financial-District-New-York-NY\/rentals\/4_p\/","95":"http:\/\/www.zillow.com\/Financial-District-New-York-NY\/rentals\/4_p\/","96":"http:\/\/www.zillow.com\/Financial-District-New-York-NY\/rentals\/4_p\/","97":"http:\/\/www.zillow.com\/Financial-District-New-York-NY\/rentals\/4_p\/","98":"http:\/\/www.zillow.com\/Financial-District-New-York-NY\/rentals\/4_p\/","99":"http:\/\/www.zillow.com\/Financial-District-New-York-NY\/rentals\/4_p\/","100":"http:\/\/www.zillow.com\/Financial-District-New-York-NY\/rentals\/4_p\/","101":"http:\/\/www.zillow.com\/Financial-District-New-York-NY\/rentals\/4_p\/","102":"http:\/\/www.zillow.com\/Financial-District-New-York-NY\/rentals\/4_p\/","103":"http:\/\/www.zillow.com\/Financial-District-New-York-NY\/rentals\/4_p\/"}}