,Doorman,coordinates,list_url
0,0,"[<meta content=""40.761791"" itemprop=""latitude""/>, <meta content=""-73.987449"" itemprop=""longitude""/>]",http://www.zillow.com/homedetails/308-W-49th-St-4RE-New-York-NY-10019/2096190564_zpid/
1,0,"[<meta content=""40.761791"" itemprop=""latitude""/>, <meta content=""-73.987449"" itemprop=""longitude""/>]",http://www.zillow.com/homedetails/308-W-49th-St-APT-3R-New-York-NY-10019/2097233047_zpid/
2,0,"[<meta content=""40.761784"" itemprop=""latitude""/>, <meta content=""-73.987099"" itemprop=""longitude""/>]",http://www.zillow.com/homedetails/300-W-49th-St-APT-502-New-York-NY-10019/2104500605_zpid/
3,0,"[<meta content=""40.73902"" itemprop=""latitude""/>, <meta content=""-74.00581"" itemprop=""longitude""/>]",http://www.zillow.com/homedetails/641-Hudson-St-APT-2C-New-York-NY-10014/2096195171_zpid/
4,0,"[<meta content=""40.730307"" itemprop=""latitude""/>, <meta content=""-74.005203"" itemprop=""longitude""/>]",http://www.zillow.com/homedetails/55-Leroy-St-APT-4F-New-York-NY-10014/2096204376_zpid/
5,0,"[<meta content=""40.736496"" itemprop=""latitude""/>, <meta content=""-74.007663"" itemprop=""longitude""/>]",http://www.zillow.com/homedetails/121-Bank-St-APT-1J-New-York-NY-10014/2125790865_zpid/
6,0,"[<meta content=""40.733988"" itemprop=""latitude""/>, <meta content=""-74.004183"" itemprop=""longitude""/>]",http://www.zillow.com/homedetails/210-W-10th-St-APT-2A-New-York-NY-10014/2124403803_zpid/
7,0,"[<meta content=""40.72848"" itemprop=""latitude""/>, <meta content=""-73.98245"" itemprop=""longitude""/>]",http://www.zillow.com/homedetails/434-E-11th-St-APT-2F-New-York-NY-10009/2125079375_zpid/
8,0,"[<meta content=""40.731039"" itemprop=""latitude""/>, <meta content=""-73.984212"" itemprop=""longitude""/>]",http://www.zillow.com/homedetails/336-E-13th-St-APT-3C-New-York-NY-10003/2096186993_zpid/
