[
    {
        "meanPay": "$86,172",
        "jobTitle": "Data Scientist",
        "company": "CareerBuilder"
    },
    {
        "meanPay": "$86k - $94k",
        "jobTitle": "Data Scientist",
        "company": "NCR"
    },
    {
        "meanPay": "$90k - $104k",
        "jobTitle": "Data Scientist",
        "company": "The Home Depot"
    },
    {
        "meanPay": "$86k - $94k",
        "jobTitle": "Data Scientist",
        "company": "Feedzai"
    },
    {
        "meanPay": "$102k - $111k",
        "jobTitle": "Data Scientist",
        "company": "IBM"
    },
    {
        "meanPay": "$71k - $78k",
        "jobTitle": "Data Scientist",
        "company": "Booz Allen Hamilton"
    },
    {
        "meanPay": "$94k - $104k",
        "jobTitle": "Data Scientist",
        "company": "PwC"
    },
    {
        "meanPay": "$87k - $95k",
        "jobTitle": "Data Scientist",
        "company": "Cognizant Technology Solutions"
    },
    {
        "meanPay": "$96k - $106k",
        "jobTitle": "Data Scientist",
        "company": "Rang Technologies"
    },
    {
        "meanPay": "$90k - $97k",
        "jobTitle": "Data Scientist",
        "company": "KPMG"
    },
    {
        "meanPay": "$81k - $89k",
        "jobTitle": "Data Scientist",
        "company": "Gallup"
    },
    {
        "meanPay": "$91k - $99k",
        "jobTitle": "Data Scientist",
        "company": "Hewlett Packard Enterprise | HPE"
    },
    {
        "meanPay": "$104k - $112k",
        "jobTitle": "Data Scientist",
        "company": "Verizon"
    },
    {
        "meanPay": "$96k - $104k",
        "jobTitle": "Data Scientist",
        "company": "Verizon Wireless"
    },
    {
        "meanPay": "$81k - $89k",
        "jobTitle": "Data Scientist",
        "company": "Fractal Analytics"
    },
    {
        "meanPay": "$90k - $97k",
        "jobTitle": "Data Scientist",
        "company": "Equifax"
    },
    {
        "meanPay": "$92k - $100k",
        "jobTitle": "Data Scientist",
        "company": "Northrop Grumman"
    },
    {
        "meanPay": "$85k - $93k",
        "jobTitle": "Data Scientist",
        "company": "ADP"
    },
    {
        "meanPay": "$89k - $97k",
        "jobTitle": "Data Scientist",
        "company": "Kabbage"
    },
    {
        "meanPay": "$90k - $100k",
        "jobTitle": "Data Scientist",
        "company": "Citi"
    },
    {
        "meanPay": "$97k - $104k",
        "jobTitle": "Data Scientist",
        "company": "Honeywell"
    },
    {
        "meanPay": "$105k - $112k",
        "jobTitle": "Data Scientist",
        "company": "AT&T"
    },
    {
        "meanPay": "$107k - $115k",
        "jobTitle": "Data Scientist",
        "company": "Intuitive Surgical"
    },
    {
        "meanPay": "$92k - $99k",
        "jobTitle": "Data Scientist",
        "company": "Hearst"
    },
    {
        "meanPay": "$92k - $101k",
        "jobTitle": "Data Scientist",
        "company": "Cox Enterprises"
    },
    {
        "meanPay": "$86k - $93k",
        "jobTitle": "Data Scientist",
        "company": "Macy's"
    },
    {
        "meanPay": "$92k - $100k",
        "jobTitle": "Data Scientist",
        "company": "Bank of America"
    },
    {
        "meanPay": "$89k - $96k",
        "jobTitle": "Entry Level Data Scientist",
        "company": "IBM"
    },
    {
        "meanPay": "$115k - $123k",
        "jobTitle": "Senior Data Scientist",
        "company": "IBM"
    },
    {
        "meanPay": "$101k - $108k",
        "jobTitle": "Senior Data Scientist",
        "company": "KPMG"
    },
    {
        "meanPay": "$118k - $127k",
        "jobTitle": "Senior Data Scientist",
        "company": "Verizon"
    },
    {
        "meanPay": "$117k - $127k",
        "jobTitle": "Senior Data Scientist",
        "company": "AT&T"
    },
    {
        "meanPay": "$91k - $99k",
        "jobTitle": "Senior Data Scientist",
        "company": "Exponent"
    },
    {
        "meanPay": "$115k - $126k",
        "jobTitle": "Senior Data Scientist",
        "company": "Razorfish"
    },
    {
        "meanPay": "$90k - $97k",
        "jobTitle": "Senior Data Scientist",
        "company": "Market Strategies International"
    },
    {
        "meanPay": "$121k - $131k",
        "jobTitle": "Senior Data Scientist",
        "company": "GE"
    },
    {
        "meanPay": "$121k - $130k",
        "jobTitle": "Senior Data Scientist",
        "company": "Experian"
    },
    {
        "meanPay": "$108k - $116k",
        "jobTitle": "Senior Data Scientist",
        "company": "Verizon Wireless"
    },
    {
        "meanPay": "$83k - $90k",
        "jobTitle": "Junior Data Scientist",
        "company": "Verizon Wireless"
    },
    {
        "meanPay": "$89k - $97k",
        "jobTitle": "Junior Data Scientist",
        "company": "Verizon"
    },
    {
        "meanPay": "$132k - $140k",
        "jobTitle": "Principal Data Scientist",
        "company": "Think Big"
    },
    {
        "meanPay": "$130k - $141k",
        "jobTitle": "Principal Data Scientist",
        "company": "AT&T"
    },
    {
        "meanPay": "$130k - $142k",
        "jobTitle": "Principal Data Scientist",
        "company": "Think Big"
    },
    {
        "meanPay": "$132k - $141k",
        "jobTitle": "Principal Data Scientist",
        "company": "AT&T"
    },
    {
        "meanPay": "$130k - $142k",
        "jobTitle": "Principal Data Scientist",
        "company": "Think Big"
    },
    {
        "meanPay": "$129k - $141k",
        "jobTitle": "Principal Data Scientist",
        "company": "AT&T"
    },
    {
        "meanPay": "$129k - $140k",
        "jobTitle": "Principal Data Scientist",
        "company": "Think Big"
    },
    {
        "meanPay": "$132k - $141k",
        "jobTitle": "Principal Data Scientist",
        "company": "AT&T"
    }
]