[
    {
        "meanPay": "$81k - $91k",
        "jobTitle": "Data Scientist",
        "company": "Sprint"
    },
    {
        "meanPay": "$72k - $78k",
        "jobTitle": "Data Scientist",
        "company": "The Nerdery"
    },
    {
        "meanPay": "$90k - $98k",
        "jobTitle": "Data Scientist",
        "company": "PRA Health Sciences"
    },
    {
        "meanPay": "$132k - $143k",
        "jobTitle": "Senior Data Scientist",
        "company": "Microsoft"
    },
    {
        "meanPay": "$71k - $77k",
        "jobTitle": "Associate Data Scientist",
        "company": "Ascensus"
    },
    {
        "meanPay": "$82k - $92k",
        "jobTitle": "Data Scientist",
        "company": "Sprint"
    },
    {
        "meanPay": "$72k - $78k",
        "jobTitle": "Data Scientist",
        "company": "The Nerdery"
    },
    {
        "meanPay": "$90k - $97k",
        "jobTitle": "Data Scientist",
        "company": "PRA Health Sciences"
    },
    {
        "meanPay": "$131k - $144k",
        "jobTitle": "Senior Data Scientist",
        "company": "Microsoft"
    },
    {
        "meanPay": "$71k - $76k",
        "jobTitle": "Associate Data Scientist",
        "company": "Ascensus"
    },
    {
        "meanPay": "$82k - $91k",
        "jobTitle": "Data Scientist",
        "company": "Sprint"
    },
    {
        "meanPay": "$71k - $78k",
        "jobTitle": "Data Scientist",
        "company": "The Nerdery"
    },
    {
        "meanPay": "$89k - $96k",
        "jobTitle": "Data Scientist",
        "company": "PRA Health Sciences"
    },
    {
        "meanPay": "$132k - $143k",
        "jobTitle": "Senior Data Scientist",
        "company": "Microsoft"
    },
    {
        "meanPay": "$70k - $76k",
        "jobTitle": "Associate Data Scientist",
        "company": "Ascensus"
    },
    {
        "meanPay": "$82k - $92k",
        "jobTitle": "Data Scientist",
        "company": "Sprint"
    },
    {
        "meanPay": "$73k - $78k",
        "jobTitle": "Data Scientist",
        "company": "The Nerdery"
    },
    {
        "meanPay": "$89k - $98k",
        "jobTitle": "Data Scientist",
        "company": "PRA Health Sciences"
    },
    {
        "meanPay": "$133k - $145k",
        "jobTitle": "Senior Data Scientist",
        "company": "Microsoft"
    },
    {
        "meanPay": "$71k - $77k",
        "jobTitle": "Associate Data Scientist",
        "company": "Ascensus"
    },
    {
        "meanPay": "$81k - $92k",
        "jobTitle": "Data Scientist",
        "company": "Sprint"
    },
    {
        "meanPay": "$73k - $78k",
        "jobTitle": "Data Scientist",
        "company": "The Nerdery"
    },
    {
        "meanPay": "$90k - $97k",
        "jobTitle": "Data Scientist",
        "company": "PRA Health Sciences"
    },
    {
        "meanPay": "$132k - $142k",
        "jobTitle": "Senior Data Scientist",
        "company": "Microsoft"
    },
    {
        "meanPay": "$70k - $76k",
        "jobTitle": "Associate Data Scientist",
        "company": "Ascensus"
    },
    {
        "meanPay": "$82k - $91k",
        "jobTitle": "Data Scientist",
        "company": "Sprint"
    },
    {
        "meanPay": "$73k - $78k",
        "jobTitle": "Data Scientist",
        "company": "The Nerdery"
    },
    {
        "meanPay": "$89k - $97k",
        "jobTitle": "Data Scientist",
        "company": "PRA Health Sciences"
    },
    {
        "meanPay": "$133k - $142k",
        "jobTitle": "Senior Data Scientist",
        "company": "Microsoft"
    },
    {
        "meanPay": "$70k - $76k",
        "jobTitle": "Associate Data Scientist",
        "company": "Ascensus"
    }
]