[
    {
        "meanPay": "$73k - $114k",
        "jobTitle": "Data Scientist",
        "company": "Live Nation Entertainment"
    },
    {
        "meanPay": "$108k - $116k",
        "jobTitle": "Data Scientist",
        "company": "Tinder"
    },
    {
        "meanPay": "$134k - $146k",
        "jobTitle": "Data Scientist",
        "company": "CityGrid Media"
    },
    {
        "meanPay": "$87k - $94k",
        "jobTitle": "Data Scientist",
        "company": "Cognizant Technology Solutions"
    },
    {
        "meanPay": "$76k - $84k",
        "jobTitle": "Data Scientist",
        "company": "KPMG"
    },
    {
        "meanPay": "$123k - $134k",
        "jobTitle": "Data Scientist",
        "company": "Hewlett Packard Enterprise | HPE"
    },
    {
        "meanPay": "$114k - $124k",
        "jobTitle": "Data Scientist",
        "company": "Google"
    },
    {
        "meanPay": "$77k - $83k",
        "jobTitle": "Data Scientist",
        "company": "Adobe"
    },
    {
        "meanPay": "$91k - $98k",
        "jobTitle": "Data Scientist",
        "company": "Yahoo"
    },
    {
        "meanPay": "$115k - $126k",
        "jobTitle": "Data Scientist",
        "company": "Toyota North America"
    },
    {
        "meanPay": "$125k - $134k",
        "jobTitle": "Data Scientist",
        "company": "TrueCar"
    },
    {
        "meanPay": "$123k - $132k",
        "jobTitle": "Data Scientist",
        "company": "IBM"
    },
    {
        "meanPay": "$124k - $133k",
        "jobTitle": "Data Scientist",
        "company": "Capital One"
    },
    {
        "meanPay": "$97k - $105k",
        "jobTitle": "Data Scientist",
        "company": "Gallup"
    },
    {
        "meanPay": "$126k - $134k",
        "jobTitle": "Data Scientist",
        "company": "Verizon"
    },
    {
        "meanPay": "$141k - $151k",
        "jobTitle": "Data Scientist",
        "company": "Amazon.com"
    },
    {
        "meanPay": "$116k - $124k",
        "jobTitle": "Data Scientist",
        "company": "Verizon Wireless"
    },
    {
        "meanPay": "$132k - $143k",
        "jobTitle": "Data Scientist",
        "company": "Intuit"
    },
    {
        "meanPay": "$127k - $138k",
        "jobTitle": "Data Scientist",
        "company": "Experian"
    },
    {
        "meanPay": "$129k - $139k",
        "jobTitle": "Data Scientist",
        "company": "Avanade"
    },
    {
        "meanPay": "$117k - $127k",
        "jobTitle": "Data Scientist",
        "company": "Ciber"
    },
    {
        "meanPay": "$104k - $110k",
        "jobTitle": "Data Scientist",
        "company": "ADP"
    },
    {
        "meanPay": "$131k - $140k",
        "jobTitle": "Data Scientist",
        "company": "Altisource"
    },
    {
        "meanPay": "$111k - $119k",
        "jobTitle": "Data Scientist",
        "company": "Humana"
    },
    {
        "meanPay": "$100k - $108k",
        "jobTitle": "Data Scientist",
        "company": "IPG Mediabrands"
    },
    {
        "meanPay": "$126k - $136k",
        "jobTitle": "Data Scientist",
        "company": "Symantec"
    },
    {
        "meanPay": "$103k - $112k",
        "jobTitle": "Data Scientist",
        "company": "ReachLocal"
    },
    {
        "meanPay": "$96k - $106k",
        "jobTitle": "Data Scientist",
        "company": "CoreLogic"
    },
    {
        "meanPay": "$94k - $101k",
        "jobTitle": "Data Scientist",
        "company": "Avant"
    },
    {
        "meanPay": "$103k - $110k",
        "jobTitle": "Data Scientist",
        "company": "OrangePeople"
    },
    {
        "meanPay": "$118k - $128k",
        "jobTitle": "Data Scientist",
        "company": "Boston Consulting Group"
    },
    {
        "meanPay": "$114k - $129k",
        "jobTitle": "Senior Data Scientist",
        "company": "Blizzard Entertainment"
    },
    {
        "meanPay": "$108k - $117k",
        "jobTitle": "Entry Level Data Scientist",
        "company": "IBM"
    },
    {
        "meanPay": "$107k - $117k",
        "jobTitle": "Data Scientist II",
        "company": "EMC"
    },
    {
        "meanPay": "$152k - $167k",
        "jobTitle": "Senior Data Scientist",
        "company": "LinkedIn"
    },
    {
        "meanPay": "$113k - $122k",
        "jobTitle": "Senior Data Scientist",
        "company": "AOL"
    },
    {
        "meanPay": "$112k - $122k",
        "jobTitle": "Senior Data Scientist",
        "company": "EMC"
    },
    {
        "meanPay": "$115k - $125k",
        "jobTitle": "Senior Data Scientist",
        "company": "ZestFinance"
    },
    {
        "meanPay": "$138k - $149k",
        "jobTitle": "Senior Data Scientist",
        "company": "IBM"
    },
    {
        "meanPay": "$121k - $131k",
        "jobTitle": "Senior Data Scientist",
        "company": "KPMG"
    },
    {
        "meanPay": "$142k - $153k",
        "jobTitle": "Senior Data Scientist",
        "company": "Verizon"
    },
    {
        "meanPay": "$144k - $155k",
        "jobTitle": "Senior Data Scientist",
        "company": "Experian"
    },
    {
        "meanPay": "$107k - $115k",
        "jobTitle": "Senior Data Scientist",
        "company": "Avant"
    },
    {
        "meanPay": "$117k - $127k",
        "jobTitle": "Senior Data Scientist",
        "company": "ZEFR"
    },
    {
        "meanPay": "$121k - $130k",
        "jobTitle": "Associate Data Scientist",
        "company": "Intuit"
    },
    {
        "meanPay": "$140k - $153k",
        "jobTitle": "Senior Data Scientist",
        "company": "Verizon"
    },
    {
        "meanPay": "$146k - $155k",
        "jobTitle": "Senior Data Scientist",
        "company": "Experian"
    },
    {
        "meanPay": "$106k - $116k",
        "jobTitle": "Senior Data Scientist",
        "company": "Avant"
    },
    {
        "meanPay": "$116k - $126k",
        "jobTitle": "Senior Data Scientist",
        "company": "ZEFR"
    },
    {
        "meanPay": "$119k - $131k",
        "jobTitle": "Associate Data Scientist",
        "company": "Intuit"
    },
    {
        "meanPay": "$141k - $152k",
        "jobTitle": "Senior Data Scientist",
        "company": "Verizon"
    },
    {
        "meanPay": "$145k - $155k",
        "jobTitle": "Senior Data Scientist",
        "company": "Experian"
    },
    {
        "meanPay": "$107k - $116k",
        "jobTitle": "Senior Data Scientist",
        "company": "Avant"
    },
    {
        "meanPay": "$117k - $126k",
        "jobTitle": "Senior Data Scientist",
        "company": "ZEFR"
    },
    {
        "meanPay": "$121k - $130k",
        "jobTitle": "Associate Data Scientist",
        "company": "Intuit"
    },
    {
        "meanPay": "$142k - $154k",
        "jobTitle": "Senior Data Scientist",
        "company": "Verizon"
    },
    {
        "meanPay": "$144k - $158k",
        "jobTitle": "Senior Data Scientist",
        "company": "Experian"
    },
    {
        "meanPay": "$106k - $115k",
        "jobTitle": "Senior Data Scientist",
        "company": "Avant"
    },
    {
        "meanPay": "$116k - $125k",
        "jobTitle": "Senior Data Scientist",
        "company": "ZEFR"
    },
    {
        "meanPay": "$120k - $131k",
        "jobTitle": "Associate Data Scientist",
        "company": "Intuit"
    }
]