[
    {
        "meanPay": "$77k - $89k",
        "jobTitle": "Data Scientist",
        "company": "Leidos"
    },
    {
        "meanPay": "$79k - $93k",
        "jobTitle": "Data Scientist",
        "company": "Hospital Corporation of America"
    },
    {
        "meanPay": "$104k - $113k",
        "jobTitle": "Data Scientist",
        "company": "Philips"
    },
    {
        "meanPay": "$77k - $89k",
        "jobTitle": "Data Scientist",
        "company": "Leidos"
    },
    {
        "meanPay": "$78k - $92k",
        "jobTitle": "Data Scientist",
        "company": "Hospital Corporation of America"
    },
    {
        "meanPay": "$103k - $114k",
        "jobTitle": "Data Scientist",
        "company": "Philips"
    },
    {
        "meanPay": "$77k - $88k",
        "jobTitle": "Data Scientist",
        "company": "Leidos"
    },
    {
        "meanPay": "$79k - $93k",
        "jobTitle": "Data Scientist",
        "company": "Hospital Corporation of America"
    },
    {
        "meanPay": "$104k - $112k",
        "jobTitle": "Data Scientist",
        "company": "Philips"
    },
    {
        "meanPay": "$77k - $88k",
        "jobTitle": "Data Scientist",
        "company": "Leidos"
    },
    {
        "meanPay": "$79k - $93k",
        "jobTitle": "Data Scientist",
        "company": "Hospital Corporation of America"
    },
    {
        "meanPay": "$104k - $114k",
        "jobTitle": "Data Scientist",
        "company": "Philips"
    },
    {
        "meanPay": "$77k - $88k",
        "jobTitle": "Data Scientist",
        "company": "Leidos"
    },
    {
        "meanPay": "$78k - $93k",
        "jobTitle": "Data Scientist",
        "company": "Hospital Corporation of America"
    },
    {
        "meanPay": "$104k - $112k",
        "jobTitle": "Data Scientist",
        "company": "Philips"
    },
    {
        "meanPay": "$78k - $89k",
        "jobTitle": "Data Scientist",
        "company": "Leidos"
    },
    {
        "meanPay": "$78k - $92k",
        "jobTitle": "Data Scientist",
        "company": "Hospital Corporation of America"
    },
    {
        "meanPay": "$105k - $114k",
        "jobTitle": "Data Scientist",
        "company": "Philips"
    }
]