[
    {
        "meanPay": "$73,886",
        "jobTitle": "Data Scientist",
        "company": "Booz Allen Hamilton"
    },
    {
        "meanPay": "$109,750",
        "jobTitle": "Data Scientist",
        "company": "Capital One"
    },
    {
        "meanPay": "$85,000",
        "jobTitle": "Data Scientist",
        "company": "Civis Analytics"
    },
    {
        "meanPay": "$76,267",
        "jobTitle": "Data Scientist",
        "company": "Noblis"
    },
    {
        "meanPay": "$83k - $117k",
        "jobTitle": "Data Scientist",
        "company": "Micron Technology"
    },
    {
        "meanPay": "$89k - $103k",
        "jobTitle": "Data Scientist",
        "company": "Agilex Technologies"
    },
    {
        "meanPay": "$76k - $85k",
        "jobTitle": "Data Scientist",
        "company": "LivingSocial"
    },
    {
        "meanPay": "$84k - $94k",
        "jobTitle": "Data Scientist",
        "company": "US Department of Defense"
    },
    {
        "meanPay": "$98k - $113k",
        "jobTitle": "Data Scientist",
        "company": "Equifax"
    },
    {
        "meanPay": "$115k - $125k",
        "jobTitle": "Data Scientist",
        "company": "Accenture"
    },
    {
        "meanPay": "$94k - $101k",
        "jobTitle": "Data Scientist",
        "company": "Northrop Grumman"
    },
    {
        "meanPay": "$88k - $96k",
        "jobTitle": "Data Scientist",
        "company": "Elder Research"
    },
    {
        "meanPay": "$101k - $109k",
        "jobTitle": "Data Scientist",
        "company": "The Advisory Board Company"
    },
    {
        "meanPay": "$121k - $131k",
        "jobTitle": "Data Scientist",
        "company": "MITRE"
    },
    {
        "meanPay": "$115k - $125k",
        "jobTitle": "Data Scientist",
        "company": "FINRA"
    },
    {
        "meanPay": "$117k - $129k",
        "jobTitle": "Data Scientist",
        "company": "IBM"
    },
    {
        "meanPay": "$111k - $119k",
        "jobTitle": "Data Scientist",
        "company": "PwC"
    },
    {
        "meanPay": "$113k - $122k",
        "jobTitle": "Data Scientist",
        "company": "Rang Technologies"
    },
    {
        "meanPay": "$104k - $113k",
        "jobTitle": "Data Scientist",
        "company": "KPMG"
    },
    {
        "meanPay": "$105k - $115k",
        "jobTitle": "Data Scientist",
        "company": "Hewlett Packard Enterprise | HPE"
    },
    {
        "meanPay": "$122k - $131k",
        "jobTitle": "Data Scientist",
        "company": "Verizon"
    },
    {
        "meanPay": "$96k - $102k",
        "jobTitle": "Data Scientist",
        "company": "Gallup"
    },
    {
        "meanPay": "$111k - $120k",
        "jobTitle": "Data Scientist",
        "company": "Hewlett-Packard"
    },
    {
        "meanPay": "$108k - $118k",
        "jobTitle": "Data Scientist",
        "company": "Lockheed Martin"
    },
    {
        "meanPay": "$111k - $120k",
        "jobTitle": "Data Scientist",
        "company": "Verizon Wireless"
    },
    {
        "meanPay": "$98k - $105k",
        "jobTitle": "Data Scientist",
        "company": "Leidos"
    },
    {
        "meanPay": "$106k - $114k",
        "jobTitle": "Data Scientist",
        "company": "IHS"
    },
    {
        "meanPay": "$102k - $111k",
        "jobTitle": "Data Scientist",
        "company": "Aptima"
    },
    {
        "meanPay": "$114k - $123k",
        "jobTitle": "Data Scientist",
        "company": "Altamira Technologies"
    },
    {
        "meanPay": "$106k - $116k",
        "jobTitle": "Data Scientist",
        "company": "Engility"
    },
    {
        "meanPay": "$106k - $113k",
        "jobTitle": "Data Scientist",
        "company": "CGI"
    },
    {
        "meanPay": "$98k - $106k",
        "jobTitle": "Data Scientist",
        "company": "Boeing"
    },
    {
        "meanPay": "$106k - $114k",
        "jobTitle": "Data Scientist",
        "company": "QinetiQ North America"
    },
    {
        "meanPay": "$101k - $110k",
        "jobTitle": "Data Scientist",
        "company": "MDA IS"
    },
    {
        "meanPay": "$107k - $116k",
        "jobTitle": "Data Scientist",
        "company": "Gannett"
    },
    {
        "meanPay": "$93k - $101k",
        "jobTitle": "Data Scientist",
        "company": "Vistronix"
    },
    {
        "meanPay": "$105k - $115k",
        "jobTitle": "Data Scientist",
        "company": "Raytheon"
    },
    {
        "meanPay": "$110k - $120k",
        "jobTitle": "Data Scientist",
        "company": "CORMAC"
    },
    {
        "meanPay": "$109k - $118k",
        "jobTitle": "Data Scientist",
        "company": "BAE Systems USA"
    },
    {
        "meanPay": "$108k - $116k",
        "jobTitle": "Data Scientist",
        "company": "SocialCode"
    },
    {
        "meanPay": "$133k - $161k",
        "jobTitle": "Lead Data Scientist",
        "company": "Booz Allen Hamilton"
    },
    {
        "meanPay": "$105k - $112k",
        "jobTitle": "Entry Level Data Scientist",
        "company": "IBM"
    },
    {
        "meanPay": "$162k - $177k",
        "jobTitle": "Senior Data Scientist",
        "company": "Hewlett-Packard"
    },
    {
        "meanPay": "$86k - $94k",
        "jobTitle": "Senior Data Scientist",
        "company": "OnDeck"
    },
    {
        "meanPay": "$115k - $125k",
        "jobTitle": "Senior Data Scientist",
        "company": "The Advisory Board Company"
    },
    {
        "meanPay": "$94k - $101k",
        "jobTitle": "Senior Data Scientist",
        "company": "US Department of Defense"
    },
    {
        "meanPay": "$133k - $144k",
        "jobTitle": "Senior Data Scientist",
        "company": "IBM"
    },
    {
        "meanPay": "$118k - $126k",
        "jobTitle": "Senior Data Scientist",
        "company": "KPMG"
    },
    {
        "meanPay": "$135k - $146k",
        "jobTitle": "Senior Data Scientist",
        "company": "Capital One"
    },
    {
        "meanPay": "$95k - $102k",
        "jobTitle": "Senior Data Scientist",
        "company": "Booz Allen Hamilton"
    },
    {
        "meanPay": "$123k - $133k",
        "jobTitle": "Senior Data Scientist",
        "company": "Lockheed Martin"
    },
    {
        "meanPay": "$115k - $126k",
        "jobTitle": "Senior Data Scientist",
        "company": "SAIC"
    },
    {
        "meanPay": "$109k - $119k",
        "jobTitle": "Senior Data Scientist",
        "company": "Leidos"
    },
    {
        "meanPay": "$132k - $143k",
        "jobTitle": "Senior Data Scientist",
        "company": "SRC"
    },
    {
        "meanPay": "$120k - $130k",
        "jobTitle": "Senior Data Scientist",
        "company": "Raytheon"
    },
    {
        "meanPay": "$144k - $156k",
        "jobTitle": "Senior Data Scientist",
        "company": "Akamai"
    },
    {
        "meanPay": "$120k - $128k",
        "jobTitle": "Senior Data Scientist",
        "company": "L-3 Communications"
    },
    {
        "meanPay": "$126k - $137k",
        "jobTitle": "Senior Data Scientist",
        "company": "2U"
    },
    {
        "meanPay": "$118k - $128k",
        "jobTitle": "Senior Data Scientist",
        "company": "CGI"
    },
    {
        "meanPay": "$127k - $138k",
        "jobTitle": "Senior Data Scientist",
        "company": "General Dynamics Mission Systems"
    },
    {
        "meanPay": "$105k - $114k",
        "jobTitle": "Junior Data Scientist",
        "company": "Verizon"
    },
    {
        "meanPay": "$96k - $103k",
        "jobTitle": "Junior Data Scientist",
        "company": "Verizon Wireless"
    },
    {
        "meanPay": "$99k - $106k",
        "jobTitle": "Junior Data Scientist",
        "company": "MITRE"
    },
    {
        "meanPay": "$72k - $78k",
        "jobTitle": "Junior Data Scientist",
        "company": "Booz Allen Hamilton"
    },
    {
        "meanPay": "$119k - $129k",
        "jobTitle": "Chief Data Scientist",
        "company": "Booz Allen Hamilton"
    },
    {
        "meanPay": "$171k - $187k",
        "jobTitle": "Chief Data Scientist",
        "company": "Capital One"
    },
    {
        "meanPay": "$152k - $163k",
        "jobTitle": "Principal Data Scientist",
        "company": "Capital One"
    },
    {
        "meanPay": "$142k - $154k",
        "jobTitle": "Principal Data Scientist",
        "company": "Snagajob"
    },
    {
        "meanPay": "$104k - $114k",
        "jobTitle": "Junior Data Scientist",
        "company": "Verizon"
    },
    {
        "meanPay": "$97k - $103k",
        "jobTitle": "Junior Data Scientist",
        "company": "Verizon Wireless"
    },
    {
        "meanPay": "$98k - $106k",
        "jobTitle": "Junior Data Scientist",
        "company": "MITRE"
    },
    {
        "meanPay": "$72k - $78k",
        "jobTitle": "Junior Data Scientist",
        "company": "Booz Allen Hamilton"
    },
    {
        "meanPay": "$120k - $131k",
        "jobTitle": "Chief Data Scientist",
        "company": "Booz Allen Hamilton"
    },
    {
        "meanPay": "$174k - $186k",
        "jobTitle": "Chief Data Scientist",
        "company": "Capital One"
    },
    {
        "meanPay": "$152k - $162k",
        "jobTitle": "Principal Data Scientist",
        "company": "Capital One"
    },
    {
        "meanPay": "$144k - $154k",
        "jobTitle": "Principal Data Scientist",
        "company": "Snagajob"
    },
    {
        "meanPay": "$105k - $112k",
        "jobTitle": "Junior Data Scientist",
        "company": "Verizon"
    },
    {
        "meanPay": "$96k - $104k",
        "jobTitle": "Junior Data Scientist",
        "company": "Verizon Wireless"
    },
    {
        "meanPay": "$98k - $106k",
        "jobTitle": "Junior Data Scientist",
        "company": "MITRE"
    },
    {
        "meanPay": "$72k - $79k",
        "jobTitle": "Junior Data Scientist",
        "company": "Booz Allen Hamilton"
    },
    {
        "meanPay": "$121k - $131k",
        "jobTitle": "Chief Data Scientist",
        "company": "Booz Allen Hamilton"
    },
    {
        "meanPay": "$172k - $188k",
        "jobTitle": "Chief Data Scientist",
        "company": "Capital One"
    },
    {
        "meanPay": "$150k - $164k",
        "jobTitle": "Principal Data Scientist",
        "company": "Capital One"
    },
    {
        "meanPay": "$144k - $154k",
        "jobTitle": "Principal Data Scientist",
        "company": "Snagajob"
    }
]